Episode,Epsilon,Rewards,QValMean
0,1.0,-36.0,6.1031169056055065e-06
1,0.970741078213023,-9.0,0.010112884343766816
2,0.9423468882484062,-2.0,0.017521995609879756
