{"count":1,"self":2.1006552,"total":11.0361002,"children":{"InitializeActuators":{"count":1,"self":0.0030047999999999997,"total":0.0030047999999999997,"children":null},"InitializeSensors":{"count":1,"self":0.0009906,"total":0.0009906,"children":null},"AgentSendState":{"count":362,"self":0.0034722999999999998,"total":0.0181833,"children":{"CollectObservations":{"count":122,"self":0.00099439999999999988,"total":0.00099439999999999988,"children":null},"WriteActionMask":{"count":122,"self":0.00046199999999999995,"total":0.00046199999999999995,"children":null},"RequestDecision":{"count":122,"self":0.0047843,"total":0.0132546,"children":{"AgentInfo.ToProto":{"count":122,"self":0.0015241,"total":0.0084703,"children":{"GenerateSensorData":{"count":122,"self":0.0069462,"total":0.0069462,"children":null}}}}}}},"DecideAction":{"count":362,"self":8.9068168,"total":8.906816899999999,"children":null},"AgentAct":{"count":362,"self":0.0049603999999999994,"total":0.0049603999999999994,"children":null}},"gauges":{},"metadata":{"timer_format_version":"0.1.0","start_time_seconds":"1678832340","unity_version":"2022.1.23f1","command_line_arguments":"D:\\Development\\Pacman-RL\\Builds\\pacman-RL-BuildsAndTrainingScripts\\TrainingScripts\\..\/MiniGameMap\/Pacman.exe --mlagents-port 5005","communication_protocol_version":"1.5.0","com.unity.ml-agents_version":"2.0.1","scene_name":"MiniTrainingLevel01","end_time_seconds":"1678832351"}}